{"stats":{"minecraft:picked_up":{"minecraft:music_disc_relic":1,"minecraft:music_disc_pigstep":3,"minecraft:dirt":13},"minecraft:mined":{"minecraft:grass":1,"minecraft:grass_block":5,"minecraft:dirt":9,"minecraft:oak_leaves":2},"minecraft:custom":{"minecraft:time_since_rest":29273,"minecraft:crouch_one_cm":70,"minecraft:sprint_one_cm":7746,"minecraft:play_time":29273,"minecraft:damage_taken":200,"minecraft:walk_one_cm":8217,"minecraft:sneak_time":124,"minecraft:walk_under_water_one_cm":518,"minecraft:jump":80,"minecraft:damage_dealt":88,"minecraft:leave_game":5,"minecraft:play_record":4,"minecraft:walk_on_water_one_cm":29,"minecraft:time_since_death":29273,"minecraft:total_world_time":29273,"minecraft:fall_one_cm":4471,"minecraft:fly_one_cm":94360},"minecraft:used":{"minecraft:music_disc_relic":1,"minecraft:dirt":19,"minecraft:music_disc_pigstep":3,"minecraft:jukebox":4}},"DataVersion":3465}