{"stats":{"minecraft:picked_up":{"minecraft:dirt":13},"minecraft:mined":{"minecraft:grass":1,"minecraft:grass_block":5,"minecraft:oak_leaves":2,"minecraft:dirt":9},"minecraft:custom":{"minecraft:jump":31,"minecraft:time_since_rest":3446,"minecraft:leave_game":1,"minecraft:damage_dealt":88,"minecraft:crouch_one_cm":70,"minecraft:sprint_one_cm":4493,"minecraft:play_time":3446,"minecraft:damage_taken":200,"minecraft:time_since_death":3446,"minecraft:walk_one_cm":3896,"minecraft:sneak_time":12,"minecraft:total_world_time":3446,"minecraft:fall_one_cm":4262,"minecraft:fly_one_cm":5929},"minecraft:used":{"minecraft:dirt":12}},"DataVersion":3465}