{"stats":{"minecraft:picked_up":{"minecraft:music_disc_relic":1,"minecraft:music_disc_pigstep":3,"minecraft:dirt":13},"minecraft:mined":{"minecraft:grass":1,"minecraft:grass_block":5,"minecraft:dirt":9,"minecraft:oak_leaves":2},"minecraft:custom":{"minecraft:time_since_rest":21240,"minecraft:crouch_one_cm":70,"minecraft:sprint_one_cm":6659,"minecraft:play_time":21240,"minecraft:damage_taken":200,"minecraft:walk_one_cm":7349,"minecraft:sneak_time":101,"minecraft:jump":66,"minecraft:damage_dealt":88,"minecraft:leave_game":4,"minecraft:play_record":4,"minecraft:time_since_death":21240,"minecraft:total_world_time":21240,"minecraft:fall_one_cm":4471,"minecraft:fly_one_cm":23379},"minecraft:used":{"minecraft:music_disc_relic":1,"minecraft:dirt":19,"minecraft:music_disc_pigstep":3,"minecraft:jukebox":4}},"DataVersion":3465}